<?xml version="1.0" encoding="UTF-8"?>
<?xml-stylesheet type="text/xsl" href="configuration.xsl"?>
<!--
  Licensed under the Apache License, Version 2.0 (the "License");
  you may not use this file except in compliance with the License.
  You may obtain a copy of the License at

    http://www.apache.org/licenses/LICENSE-2.0

  Unless required by applicable law or agreed to in writing, software
  distributed under the License is distributed on an "AS IS" BASIS,
  WITHOUT WARRANTIES OR CONDITIONS OF ANY KIND, either express or implied.
  See the License for the specific language governing permissions and
  limitations under the License. See accompanying LICENSE file.
-->

<!-- Put site-specific property overrides in this file. -->

<configuration>
    <property>
        <name>dfs.namenode.name.dir</name>
        <value>/hadoopname/</value>
    </property>
    <property>
        <name>dfs.blocksize</name>
        <value>268435456</value>
    </property>
    <property>
        <name>dfs.namenode.handler.count</name>
        <value>100</value>
    </property>

    <property>
      <name>dfs.namenode.checkpoint.period</name>
      <value>3600</value>
      <description>SecondaryNameNode每隔一个小时执行一次</description>
    </property>
    <property>
      <name>dfs.namenode.checkpoint.txns</name>
      <value>1000000</value>
      <description>SecondaryNameNode当操作次数超过100万次时执行一次</description>
    </property>
    <property>
        <name>dfs.namenode.checkpoint.check.period</name>
        <value>60</value>
        <description> 1分钟检查一次操作次数</description>
    </property >
</configuration>
